CODE,SEX,ZEITRAUM,ALTERVON,ALTERBIS,NORMVON,NORMBIS
BKS1,M,Jahr,0,49,0,15
BKS1,M,Jahr,50,123,0,20
BKS1,W,Jahr,0,49,0,20
BKS1,W,Jahr,50,123,0,30
LEUN,AL,Woche,0,1,9,30
LEUN,AL,Woche,1,4,5,21
LEUN,AL,Monat,1,24,"5,5",17
LEUN,AL,Jahr,2,15,5,15
LEUN,AL,Jahr,15,123,4,11
LEU,AL,Woche,0,1,9,30
LEU,AL,Woche,1,4,5,21
LEU,AL,Monat,1,24,"5,5",17
LEU,AL,Jahr,2,15,5,15
LEU,AL,Jahr,15,123,"3,5",10
ERY,AL,Tag,0,7,4,"6,8"
ERY,AL,Tag,8,120,"3,9","5,9"
ERY,AL,Monat,3,12,"3,6","5,3"
ERY,AL,Jahr,1,15,"3,8","5,8"
ERY,M,Jahr,16,123,"4,1","5,4"
ERY,W,Jahr,16,123,"3,7",5
HB,AL,Monat,0,1,13,20
HB,AL,Monat,1,12,11,17
HB,AL,Jahr,1,10,11,15
HB,M,Jahr,10,16,12,16
HB,M,Jahr,16,123,13,"16,5"
HB,W,Jahr,10,16,"11,5",15
HB,W,Jahr,16,123,11,14
HK,AL,Woche,0,3,"0,4","0,65"
HK,AL,Woche,4,7,"0,38","0,5"
HK,AL,Monat,2,12,"0,35","0,45"
HK,AL,Jahr,1,15,"0,32","0,45"
HK,M,Jahr,16,123,"0,4","0,46"
HK,W,Jahr,16,123,"0,36","0,43"
MCV,AL,Woche,0,1,94,135
MCV,AL,Woche,1,12,80,120
MCV,AL,Monat,3,36,74,100
MCV,AL,Jahr,3,10,70,95
MCV,AL,Jahr,10,123,80,97
MCH,AL,Woche,0,1,30,40
MCH,AL,Woche,1,12,23,38
MCH,AL,Monat,3,36,24,33
MCH,AL,Jahr,3,17,25,32
MCH,AL,Jahr,17,123,28,33
MCHC,AL,Monat,0,1,28,35
MCHC,AL,Monat,1,12,32,36
MCHC,AL,Jahr,1,123,33,37
RDW,AL,Jahr,0,123,41,52
PDW,AL,Jahr,0,123,9,14
PLCR,AL,Jahr,0,123,15,35
MPV,W,Jahr,0,123,"9,1","11,9"
MPV,M,Jahr,0,123,"9,3","12,1"
THRO,AL,Jahr,0,1,200,666
THRO,AL,Jahr,1,15,200,500
THRO,AL,Jahr,15,123,140,400
NOBL,AL,Jahr,0,123,0,3
NOAB,AL,Jahr,0,123,0,"0,01"
THRE,AL,Jahr,0,1,355,666
THRE,AL,Jahr,1,15,200,500
THRE,AL,Jahr,15,123,140,400
THRK,AL,Jahr,0,123,"0,02","0,04"
THRH,AL,Jahr,0,1,355,666
THRH,AL,Jahr,1,15,250,500
THRH,AL,Jahr,15,60,200,400
THRH,AL,Jahr,60,123,180,370
IPF,AL,Jahr,0,123,"0,8","6,3"
SEG,AL,Monat,0,1,50,65
SEG,AL,Monat,1,12,25,60
SEG,AL,Jahr,1,5,40,50
SEG,AL,Jahr,6,10,50,65
SEG,AL,Jahr,11,123,40,75
BASO,AL,Jahr,0,123,0,1
EOS,AL,Jahr,0,123,0,7
LYMP,AL,Tag,0,1,25,35
LYMP,AL,Tag,1,365,40,65
LYMP,AL,Jahr,1,5,40,50
LYMP,AL,Jahr,5,10,30,40
LYMP,AL,Jahr,11,123,20,50
MONO,AL,Jahr,0,1,5,12
MONO,AL,Jahr,1,123,2,8
STAB,AL,Monat,0,1,5,15
STAB,AL,Monat,1,12,1,5
STAB,AL,Jahr,1,123,1,5
META,AL,Jahr,0,123,0,1
MYZY,AL,Jahr,0,123,0,1
PMZY,AL,Jahr,0,123,0,1
MYBL,AL,Jahr,0,123,0,0
BLAS,AL,Jahr,0,123,0,1
PLAS,AL,Jahr,0,123,0,2
LYRZ,AL,Jahr,0,123,0,5
JOLL,AL,Jahr,0,123,0,40
FRZO,AL,Jahr,0,123,0,1
Neut,AL,Monat,0,1,50,70
Neut,AL,Monat,1,12,30,50
Neut,AL,Jahr,1,5,40,50
Neut,AL,Jahr,6,10,50,65
Neut,AL,Jahr,11,123,40,75
Lymp,AL,Jahr,0,1,40,65
Lymp,AL,Jahr,1,5,40,50
Lymp,AL,Jahr,6,10,30,48
Lymp,AL,Jahr,11,123,18,50
Mono,AL,Jahr,0,1,5,12
Mono,AL,Jahr,1,123,4,11
Eo,M,Jahr,0,123,1,8
Eo,W,Jahr,0,123,0,6
Baso,AL,Jahr,0,123,0,1
NEAB,AL,Monat,0,1,6,26
NEAB,AL,Monat,1,12,"1,5","8,5"
NEAB,AL,Jahr,1,123,"1,6",7
LYAB,AL,Monat,0,1,2,11
LYAB,AL,Monat,1,12,4,"10,5"
LYAB,AL,Jahr,1,123,1,3
MOAB,AL,Monat,0,1,"0,4","3,1"
MOAB,AL,Monat,1,12,"0,05","1,1"
MOAB,AL,Jahr,1,123,"0,2","0,7"
EOAB,M,Jahr,0,123,"0,03","0,59"
EOAB,W,Jahr,0,123,"0,01","0,4"
BAAB,AL,Jahr,1,123,0,"0,1"
IGZ,AL,Jahr,1,123,0,"0,6"
IGZ,AL,Tag,0,2,0,3
IGZ,AL,Tag,3,7,0,2
IGZ,AL,Woche,1,52,0,"0,1"
IGZAB,AL,Tag,0,2,0,"0,9"
IGZAB,AL,Tag,3,7,0,"0,5"
IGZAB,AL,Woche,2,52,0,"0,1"
IGZAB,AL,Jahr,1,123,0,"0,06"
RETZ,M,Jahr,0,123,"0,025","0,105"
RETZ,W,Jahr,0,123,"0,02","0,08"
RETI,AL,Tag,0,3,30,70
RETI,AL,Tag,3,30,10,30
RETI,AL,Monat,1,12,3,30
RETI,AL,Jahr,1,123,4,16
HFR,AL,Jahr,0,123,0,3
MFR,AL,Jahr,0,123,2,14
LFR,AL,Jahr,0,123,85,98
IRF,M,Jahr,0,123,"1,5",17
IRF,W,Jahr,0,123,"1,1","15,9"
RETH,AL,Jahr,0,123,"28,5","34,5"
FRC,AL,Jahr,0,123,0,"0,2"
FRCAB,AL,Jahr,0,123,0,"0,05"
OSRA,AL,Jahr,0,6,0,"0,46"
OSRA,AL,Jahr,7,123,0,"0,46"
OSRE,AL,Jahr,0,6,"0,3",1
OSRE,AL,Jahr,7,123,"0,3",1
TPZ,AL,Jahr,0,123,70,120
INR,AL,Jahr,0,123,0,0
PTT,AL,Monat,0,1,40,60
PTT,AL,Monat,1,12,35,50
PTT,AL,Jahr,1,123,24,40
FGCL,AL,Jahr,0,123,180,350
FGEN,AL,Jahr,0,123,180,350
FIB4,AL,Jahr,1,123,"1,8","3,5"
FIBMC4,AL,Jahr,1,123,180,350
TZ,AL,Jahr,0,123,16,24
AT3,AL,Monat,0,1,40,80
AT3,AL,Monat,1,3,50,120
AT3,AL,Monat,4,6,80,125
AT3,AL,Jahr,1,123,80,115
AT3,AL,Monat,7,12,80,130
DIMEBC,AL,Jahr,0,123,"0,05","0,19"
DDIM,AL,Jahr,18,123,0,"0,5"
DDIM,AL,Jahr,0,18,0,"0,73"
F2,AL,Monat,0,2,30,70
F2,AL,Monat,3,12,50,85
F2,AL,Jahr,1,123,70,120
F5,AL,Jahr,0,123,70,140
F7,AL,Monat,0,2,30,70
F7,AL,Monat,3,12,50,85
F7,AL,Jahr,1,123,70,120
F8,AL,Jahr,0,123,70,150
F8AG,AL,Jahr,0,123,50,120
F9,AL,Monat,0,2,30,70
F9,AL,Monat,3,12,50,85
F9,AL,Jahr,1,123,70,130
F10,AL,Monat,0,2,20,55
F10,AL,Monat,3,12,50,85
F10,AL,Jahr,1,10,60,100
F10,AL,Jahr,11,123,70,120
F11,AL,Monat,0,2,30,70
F11,AL,Monat,3,12,50,85
F11,AL,Jahr,1,15,60,90
F11,AL,Jahr,16,123,70,120
F12,AL,Monat,0,2,30,70
F12,AL,Monat,3,12,50,85
F12,AL,Jahr,1,123,70,150
F13,AL,Jahr,0,123,70,140
A2AP,AL,Jahr,0,123,70,120
FIMO,AL,Jahr,0,123,27,75
FSP,AL,Jahr,0,123,0,10
F1+2,AL,Jahr,0,123,69,229
TAT,AL,Jahr,0,123,0,"4,1"
PLAP,AL,Jahr,0,123,70,120
PROC,AL,Monat,0,3,25,82
PROC,AL,Monat,4,12,38,95
PROC,AL,Jahr,1,5,45,102
PROC,AL,Jahr,6,9,64,125
PROC,AL,Jahr,10,18,62,128
PROC,AL,Jahr,19,123,70,140
PROSf,M,Jahr,0,123,67,139
PROSf,W,Jahr,0,123,60,114
PROS,AL,Monat,0,1,40,60
PROS,AL,Monat,1,120,60,80
PROS,M,Jahr,10,123,70,140
PROS,W,Jahr,10,123,55,140
APC,AL,Jahr,0,123,"2,2",0
LAK,AL,Jahr,0,123,"1,09","1,37"
PTTL,AL,Jahr,0,5,30,50
PTTL,AL,Jahr,6,123,20,40
aFXa,AL,Jahr,0,123,"0,4","0,8"
aFXaA,AL,Jahr,0,123,25,130
HEPA,AL,Jahr,18,123,"0,3","0,8"
HEPA,AL,Jahr,0,17,"0,35","0,7"
HIRU,AL,Jahr,0,123,"0,15","1,5"
DABI,AL,Jahr,0,123,"0,06","0,2"
C1-I,AL,Jahr,0,123,70,130
AADP0,AL,Jahr,0,123,500,1200
AADP1,AL,Jahr,0,123,0,450
AASPI0,AL,Jahr,0,123,745,1360
AASP1,AL,Jahr,0,123,0,300
ATRAP,AL,Jahr,0,123,940,1560
ATRAP1,AL,Jahr,0,123,0,300
MPADP,AL,Jahr,18,123,500,1200
MPADP,AL,Jahr,0,1,200,1000
MPADP,AL,Jahr,2,4,115,1250
MPADP,AL,Jahr,5,9,160,1100
MPADP,AL,Jahr,10,17,170,1300
MPADPHS,AL,Jahr,0,123,430,1000
MPASPI,AL,Jahr,18,123,700,1300
MPASPI,AL,Jahr,0,1,240,1000
MPASPI,AL,Jahr,2,4,250,1350
MPASPI,AL,Jahr,5,9,400,1300
MPASPI,AL,Jahr,10,17,350,1280
MPCOL,AL,Jahr,18,123,720,1250
MPCOL,AL,Jahr,0,1,160,1020
MPCOL,AL,Jahr,2,4,145,1570
MPCOL,AL,Jahr,5,9,145,1450
MPCOL,AL,Jahr,10,17,150,1300
MPTRAP,AL,Jahr,18,123,840,1300
MPTRAP,AL,Jahr,0,1,150,950
MPTRAP,AL,Jahr,2,4,220,1340
MPTRAP,AL,Jahr,5,9,485,1320
MPTRAP,AL,Jahr,10,17,480,1360
MPADPH,AL,Jahr,0,110,548,1167
MPASPIH,AL,Jahr,0,110,790,1410
MPTRAPH,AL,Jahr,0,110,923,1509
PFAA,AL,Jahr,0,123,68,121
PFAE,AL,Jahr,0,123,84,160
REPT,AL,Jahr,0,123,18,22
TRCO,AL,Jahr,0,123,18,22
BLZ,AL,Jahr,0,123,2,8
EULY,AL,Jahr,0,123,0,60
ßTG,AL,Jahr,0,123,10,40
PF4,AL,Jahr,0,123,0,5
RIST,AL,Jahr,0,123,50,185
vWF,AL,Jahr,0,123,50,160
vWFAg,AL,Jahr,0,120,50,160
INRC,AL,Jahr,0,123,2,3
GLUB,AL,Tag,0,1,40,60
GLUB,AL,Tag,2,365,50,80
GLUB,AL,Jahr,1,14,60,100
GLUB,AL,Jahr,15,123,74,106
GLUH,AL,Tag,0,1,30,80
GLUH,AL,Tag,2,365,50,120
GLUH,AL,Jahr,1,14,70,105
GLUH,AL,Jahr,15,123,70,100
GLUV,AL,Jahr,0,13,50,100
GLUV,AL,Jahr,14,123,60,100
GLSC,AL,Jahr,0,14,60,100
GLSC,AL,Jahr,15,123,74,106
HBA1,AL,Jahr,0,123,"4,8","5,99"
HBA1C,AL,Jahr,0,123,20,42
OGT1,AL,Jahr,0,123,70,90
OGT2,AL,Jahr,0,123,120,160
OGT3,AL,Jahr,0,123,70,140
GLUK,AL,Jahr,0,123,0,"0,2"
GLUU,AL,Jahr,0,123,0,"0,5"
LACS,AL,Jahr,0,14,"0,5","2,2"
LACS,AL,Jahr,14,123,"0,5","2,2"
ALK,AL,Jahr,0,120,0,0
,AL,Jahr,0,1,130,146
,AL,Jahr,1,14,130,145
,AL,Jahr,14,123,135,145
K,AL,Jahr,0,1,"3,7","5,9"
K,AL,Jahr,2,14,"3,7",5
K,AL,Jahr,15,123,"3,8",5
CL,AL,Jahr,0,1,95,110
CL,AL,Jahr,1,123,95,105
CO2,AL,Jahr,0,123,23,29
LDH7,AL,Jahr,0,1,0,450
LDH7,AL,Jahr,1,3,0,340
LDH7,AL,Jahr,4,12,0,320
LDH7,AL,Jahr,13,17,0,270
LDH7,AL,Jahr,18,123,0,250
GOT7,AL,Tag,0,30,0,100
GOT7,AL,Monat,1,12,0,80
GOT7,AL,Jahr,1,14,0,40
GOT7,M,Jahr,15,123,10,40
GOT7,W,Jahr,15,123,10,35
FIB4X,AL,Jahr,0,123,0,1
APRIX,AL,Jahr,0,123,0,"0,5"
CK7,AL,Woche,0,1,0,650
CK7,AL,Woche,2,25,0,300
CK7,AL,Woche,26,52,0,200
CK7,AL,Jahr,1,3,0,220
CK7,AL,Jahr,4,6,0,150
CK7,M,Jahr,7,14,0,250
CK7,M,Jahr,15,123,0,190
CK7,W,Jahr,7,14,0,150
CK7,W,Jahr,15,123,0,170
MB7,AL,Jahr,0,123,0,24
CKMP,AL,Jahr,0,123,6,25
GPT7,AL,Monat,0,1,0,50
GPT7,AL,Monat,1,12,0,60
GPT7,AL,Jahr,1,14,0,30
GPT7,M,Jahr,15,123,10,50
GPT7,W,Jahr,15,123,10,35
AP7,AL,Tag,0,30,0,250
AP7,AL,Monat,1,12,0,450
AP7,AL,Jahr,1,6,70,350
AP7,AL,Jahr,7,12,50,300
AP7,M,Jahr,18,123,40,130
AP7,M,Jahr,13,17,48,380
AP7,W,Jahr,13,17,47,330
AP7,W,Jahr,18,123,55,105
CA,AL,Jahr,0,1,"1,9","2,7"
CA,AL,Jahr,1,14,"2,3","2,7"
CA,AL,Jahr,14,123,"2,1","2,5"
CAS,AL,Jahr,0,14,2,"2,7"
GGT7,AL,Tag,0,30,0,130
GGT7,AL,Tag,30,180,0,80
GGT7,AL,Tag,180,365,0,40
GGT7,AL,Jahr,1,14,0,20
GGT7,M,Jahr,14,123,8,60
GGT7,W,Jahr,14,123,5,40
CHE7,AL,Jahr,0,123,"5,5",13
HSS,AL,Tag,0,7,"1,9","7,9"
HSS,AL,Woche,1,52,"1,7","5,7"
HSS,AL,Jahr,1,14,"2,5","6,4"
HSS,M,Jahr,14,65,"3,6",7
HSS,M,Jahr,65,123,0,"8,4"
HSS,W,Jahr,14,123,"2,3","6,1"
HSTS,AL,Jahr,0,3,11,36
HSTS,AL,Jahr,3,13,15,36
HSTS,AL,Jahr,13,65,18,50
HSTS,AL,Jahr,66,123,18,60
QuHsKr,AL,Jahr,0,0,20,35
KRE2,AL,Monat,0,1,"0,5","1,2"
KRE2,AL,Monat,2,12,"0,2","0,7"
KRE2,AL,Jahr,1,15,"0,3",1
KRE2,M,Jahr,16,123,"0,6","1,2"
KRE2,W,Jahr,16,123,"0,5",1
KRES,AL,Monat,1,12,"0,2","0,4"
KRES,AL,Jahr,2,7,"0,2","0,5"
KRES,AL,Jahr,7,15,"0,3","0,7"
KRES,M,Jahr,15,123,"0,6","1,3"
KRES,W,Jahr,15,123,"0,6","1,2"
KRES,AL,Tag,0,1,"0,42","0,92"
KRES,AL,Tag,1,2,"0,36","0,78"
KRES,AL,Tag,2,3,"0,33","0,7"
KRES,AL,Tag,3,4,"0,31","0,66"
KRES,AL,Tag,4,5,"0,28","0,62"
KRES,AL,Tag,5,6,"0,27","0,6"
KRES,AL,Tag,6,7,"0,26","0,58"
KRES,AL,Woche,1,4,"0,2","0,5"
CYSC,AL,Monat,0,3,"0,81","2,32"
CYSC,AL,Monat,4,11,"0,65","1,49"
CYSC,AL,Jahr,1,19,"0,56","0,9"
CYSC,M,Jahr,20,29,"0,6","1,3"
CYSC,M,Jahr,30,39,"0,64","1,12"
CYSC,M,Jahr,40,49,"0,68","1,22"
CYSC,M,Jahr,50,59,"0,72","1,32"
CYSC,M,Jahr,60,69,"0,77","1,42"
CYSC,M,Jahr,70,99,"0,82","1,53"
CYSC,W,Jahr,20,29,"0,57","0,9"
CYSC,W,Jahr,30,39,"0,59","0,98"
CYSC,W,Jahr,40,49,"0,62","1,07"
CYSC,W,Jahr,50,59,"0,64","1,17"
CYSC,W,Jahr,60,69,"0,66","1,26"
CYSC,W,Jahr,70,123,"0,68","1,36"
eGFR2,AL,Jahr,70,123,60,140
GFRcysc,AL,Jahr,18,60,80,140
GFRcysc,AL,Jahr,61,70,75,140
GFRcysc,AL,Jahr,71,80,64,140
GFRcysc,AL,Jahr,81,123,50,140
GFR,AL,Jahr,18,50,80,140
GFR,AL,Jahr,51,60,70,140
GFR,AL,Jahr,61,123,60,140
eGFR,AL,Jahr,18,123,60,140
eGFR1,AL,Jahr,70,123,60,140
BILS,AL,Tag,0,1,0,8
BILS,AL,Tag,2,3,"1,3",14
BILS,AL,Tag,4,6,0,17
BILS,AL,Woche,1,4,0,2
BILS,AL,Monat,1,12,0,"1,2"
BILS,AL,Jahr,1,123,0,"1,2"
TPS,AL,Monat,0,6,"4,1","6,7"
TPS,AL,Monat,6,24,"5,5",8
TPS,AL,Jahr,2,123,"6,5","8,5"
ALBS,AL,Jahr,0,1,30,52
ALBS,AL,Jahr,1,123,35,52
IMA,AL,Jahr,0,123,45,120
CHOS,AL,Jahr,0,1,60,190
CHOS,AL,Jahr,1,14,110,220
CHOS,AL,Jahr,15,123,130,200
TRIS,AL,Jahr,18,123,0,150
TRIS,AL,Jahr,0,18,0,140
AMY7,AL,Jahr,0,123,28,100
CRPS,AL,Tag,0,1,0,"0,6"
CRPS,AL,Tag,2,7,0,"1,6"
CRPS,AL,Woche,1,52,0,5
CRPS,AL,Jahr,1,123,0,5
CRPH,AL,Jahr,0,123,"0,1","3,1"
LIP7,AL,Jahr,0,123,13,60
HDLS,AL,Jahr,0,4,30,80
HDLS,M,Jahr,14,123,40,80
HDLS,W,Jahr,14,123,40,100
HDLS,AL,Jahr,5,13,35,85
HDLF,AL,Jahr,0,123,0,85
QLHC,AL,Jahr,0,123,0,4
ANPS,AL,Monat,0,1,5,"9,6"
ANPS,AL,Monat,2,12,5,"10,8"
ANPS,AL,Jahr,1,14,"3,4","6,2"
ANPS,AL,Jahr,14,123,"2,7","4,5"
FES,AL,Monat,0,1,60,200
FES,AL,Monat,2,12,30,150
FES,AL,Jahr,1,12,22,135
FES,M,Jahr,13,123,59,160
FES,W,Jahr,13,123,37,150
TRFS,AL,Jahr,0,1,"1,3",3
TRFS,AL,Jahr,1,123,2,4
TFSÄ,AL,Jahr,0,1,29,46
TFSÄ,AL,Jahr,1,5,7,44
TFSÄ,AL,Jahr,6,9,17,42
TFSÄ,AL,Jahr,15,19,6,33
TFSÄ,AL,Jahr,20,123,16,45
TFSÄ,M,Jahr,10,14,2,40
TFSÄ,W,Jahr,10,14,11,36
STFR,M,Jahr,0,123,"2,2",5
STFR,W,Jahr,0,123,"1,9","4,4"
CUS,AL,Monat,0,4,9,46
CUS,AL,Monat,4,12,30,130
CUS,AL,Jahr,1,5,80,150
CUS,AL,Jahr,6,14,80,136
CUS,AL,Jahr,14,123,70,135
MGSH,AL,Jahr,0,14,"0,8",1
MGSH,AL,Jahr,15,123,"0,75","1,1"
ZNS,AL,Jahr,0,2,75,100
ZNS,AL,Jahr,2,14,64,110
ZNS,AL,Jahr,15,123,65,110
OSMS,AL,Jahr,0,1,270,305
OSMS,AL,Jahr,1,14,275,295
OSMS,AL,Jahr,15,123,280,300
OSMB,AL,Jahr,0,123,260,295
OSMD,AL,Jahr,0,123,10,20
HBDH,AL,Jahr,0,1,100,300
HBDH,AL,Jahr,2,14,70,165
HBDH,AL,Jahr,15,123,55,140
HLR,AL,Jahr,0,123,0,"0,8"
FHB,AL,Jahr,0,123,0,5
GLDH7,AL,Monat,0,1,0,10
GLDH7,AL,Monat,2,12,0,6
GLDH7,AL,Jahr,1,12,0,4
GLDH7,AL,Jahr,13,17,0,"4,8"
GLDH7,M,Jahr,18,123,0,"6,5"
GLDH7,W,Jahr,18,123,0,5
BILD,AL,Jahr,0,123,0,"0,3"
BILI,AL,Jahr,0,123,0,1
NH3,AL,Monat,0,1,45,110
NH3,AL,Monat,2,12,26,120
NH3,AL,Jahr,1,14,26,120
NH3,AL,Jahr,1,120,27,90
LDL,AL,Jahr,0,14,50,140
LDL,AL,Jahr,15,123,70,155
LDLS,AL,Jahr,15,123,0,150
LDLS,AL,Jahr,0,14,0,130
LPA,AL,Jahr,0,123,0,75
SPS,AL,Jahr,1,13,8,30
SPS,AL,Jahr,14,123,3,13
ALSR,AL,Jahr,16,123,60,72
A1SR,AL,Jahr,16,123,1,"3,2"
A2SR,AL,Jahr,16,123,"7,4","12,6"
BSR,AL,Jahr,16,123,"7,5",13
GSR,AL,Jahr,16,123,8,16
ALSA,AL,Jahr,15,123,35,50
A1SA,AL,Jahr,15,123,"1,5",4
A2SA,AL,Jahr,15,123,"5,5","9,5"
BSA,AL,Jahr,15,123,6,"11,5"
GSA,AL,Jahr,1,6,"4,5",12
GSA,AL,Jahr,7,14,6,14
GSA,AL,Jahr,15,123,6,15
B2SR,AL,Jahr,0,123,7,13
USPG,AL,Jahr,0,120,1016,1022
UPH,AL,Jahr,0,123,5,7
ULEU,AL,Jahr,0,123,0,10
UHB,AL,Jahr,0,123,0,3
UEIW,AL,Jahr,0,123,0,"0,1"
UGLU,AL,Jahr,0,123,0,"0,15"
UKET,AL,Jahr,0,123,0,5
UUBG,AL,Jahr,0,123,0,10
UBIL,AL,Jahr,0,123,0,"0,2"
ERYS,AL,Jahr,0,123,0,1
LEUS,AL,Jahr,0,123,0,4
DROG,AL,Jahr,0,123,1,2
ERYK,AL,Jahr,0,123,0,3
LEUK,AL,Jahr,0,123,0,10
NAUK,AL,Jahr,0,123,60,200
NAU,AL,Jahr,0,123,70,270
FENA,AL,Jahr,0,123,"0,2","0,8"
KUK,AL,Jahr,0,123,20,80
KU,AL,Jahr,0,10,8,54
KU,AL,Jahr,10,14,18,58
KU,AL,Jahr,14,123,25,125
FEK,AL,Jahr,0,123,5,17
CLUK,AL,Jahr,0,123,20,350
CLUT,AL,Jahr,0,123,100,250
CAUK,AL,Jahr,0,123,0,7
CAUA,AL,Jahr,0,123,0,"7,5"
MGU,AL,Jahr,0,123,"2,5","8,5"
OSMU,AL,Jahr,0,1,50,1000
OSMU,AL,Jahr,1,6,50,1050
OSMU,AL,Jahr,7,12,50,1400
OSMU,AL,Jahr,13,123,50,1250
TPUK,AL,Jahr,0,123,"0,01","0,14"
TPU,AL,Jahr,0,123,"0,05","0,08"
QuTPK,AL,Jahr,0,123,0,"0,2"
AKIR,AL,Jahr,0,123,0,2
AMYU,AL,Jahr,0,123,0,460
ANPU,AL,Jahr,0,123,40,140
ANPUZ,AL,Jahr,0,123,40,140
CUU,AL,Jahr,0,99,10,60
ALBU,AL,Jahr,0,123,6,25
FEUA,AL,Jahr,0,123,0,100
HSUK,AL,Jahr,0,123,37,92
HSU,AL,Jahr,0,123,"0,1","0,8"
HTUK,AL,Jahr,0,123,12,20
HSTU,AL,Jahr,0,123,20,35
FEHST,AL,Jahr,0,123,50,65
CKRE,AL,Jahr,0,1,40,108
CKRE,AL,Jahr,1,14,120,145
CKRE,M,Jahr,14,123,80,160
CKRE,W,Jahr,14,123,75,130
KRUK,AL,Jahr,0,123,"0,6","1,8"
KREU,AL,Jahr,0,14,0,2
KREU,M,Jahr,14,123,"0,7",2
KREU,W,Jahr,14,123,"0,5","1,8"
QuAKU,AL,Jahr,0,123,0,30
ROTA,AL,Jahr,0,123,0,0
A1MU,AL,Jahr,0,123,0,12
ALBI,AL,Jahr,0,1,30,52
ALBI,AL,Jahr,1,123,35,62
B2MS,AL,Jahr,0,60,"0,8","2,4"
B2MS,AL,Jahr,61,123,0,3
B2MU,AL,Jahr,0,123,0,"0,3"
B12,AL,Jahr,0,1,220,1400
B12,AL,Jahr,2,3,400,1200
B12,AL,Jahr,4,123,175,700
FOLS,AL,Jahr,0,1,6,23
FOLS,AL,Jahr,1,123,5,16
VITD,AL,Jahr,0,123,30,100
HCY,AL,Jahr,0,123,4,10
IGAS,AL,Tag,0,7,"0,01","0,06"
IGAS,AL,Woche,1,12,"0,05","0,34"
IGAS,AL,Monat,3,12,"0,1","0,9"
IGAS,AL,Jahr,1,6,"0,2","2,2"
IGAS,AL,Jahr,6,16,"0,4",3
IGAS,AL,Jahr,16,123,"0,7",5
IGMS,AL,Tag,0,7,"0,06","0,21"
IGMS,AL,Woche,1,24,"0,17","0,66"
IGMS,AL,Monat,5,12,"0,26","1,2"
IGMS,AL,Jahr,1,6,"0,4",2
IGMS,AL,Jahr,7,18,"0,6","2,6"
IGMS,AL,Jahr,19,123,"0,4","2,3"
IGGS,AL,Tag,0,7,"6,6","17,5"
IGGS,AL,Woche,1,4,"3,9","10,5"
IGGS,AL,Monat,1,6,2,7
IGGS,AL,Monat,6,12,"2,9","9,5"
IGGS,AL,Jahr,1,6,"3,6",14
IGGS,AL,Jahr,6,18,"5,9","15,5"
IGGS,AL,Jahr,18,123,7,16
IGMN,AL,Tag,0,7,"0,06","0,21"
IGMN,AL,Woche,1,24,"0,17","0,66"
IGMN,AL,Monat,5,12,"0,26","1,2"
IGMN,AL,Jahr,1,6,"0,4",2
IGMN,AL,Jahr,7,18,"0,6","2,6"
IGMN,AL,Jahr,19,123,"0,4","2,3"
IGAN,AL,Tag,0,7,"0,01","0,06"
IGAN,AL,Woche,1,12,"0,05","0,34"
IGAN,AL,Monat,3,12,"0,1","0,9"
IGAN,AL,Jahr,1,6,"0,2","2,2"
IGAN,AL,Jahr,6,16,"0,4",3
IGAN,AL,Jahr,16,123,"0,7",5
HPXS,AL,Jahr,0,14,"0,4","1,3"
HPXS,AL,Jahr,15,123,"0,5","1,2"
HAPS,AL,Monat,0,12,"0,02",3
HAPS,AL,Jahr,1,16,"0,2",2
HAPS,AL,Jahr,16,123,"0,3",2
MYO,AL,Jahr,0,123,20,60
CKma,AL,Jahr,0,1,0,6
CKma,W,Jahr,1,123,0,"3,8"
CKma,M,Jahr,1,123,0,"6,7"
TNT,AL,Jahr,0,123,0,"0,014"
TNTS,AL,Jahr,0,123,0,14
COPE,M,Jahr,0,123,0,10
COPE,W,Jahr,0,123,0,10
FER,AL,Monat,0,1,150,450
FER,AL,Monat,2,3,80,500
FER,AL,Monat,3,12,20,200
FER,AL,Jahr,1,6,20,200
FER,M,Jahr,7,123,30,400
FER,W,Jahr,7,49,15,150
FER,W,Jahr,50,123,20,400
QuFER,AL,Jahr,0,123,0,"3,2"
HC25,AL,Jahr,0,123,1,"39,3"
PSA,M,Jahr,1,40,0,4
PSA,M,Jahr,40,123,0,4
fPSA,M,Jahr,15,123,0,1
PSAQ,M,Jahr,15,123,20,40
S100,AL,Jahr,0,123,"0,02","0,105"
NSE,AL,Jahr,0,123,0,16
CA125,AL,Jahr,0,123,0,35
CA153,AL,Jahr,0,120,0,27
CA199,AL,Jahr,1,120,0,27
CEA,AL,Jahr,0,120,0,5
CYF,AL,Jahr,0,120,0,"3,3"
C3,AL,Tag,0,7,"0,61","1,27"
C3,AL,Woche,1,52,"0,7","1,8"
C3,AL,Jahr,1,123,"0,9","1,8"
C4,AL,Tag,0,6,"0,14","0,37"
C4,AL,Woche,1,8,"0,07","0,24"
C4,AL,Monat,3,12,"0,1","0,4"
C4,AL,Jahr,1,123,"0,1","0,4"
PCT,AL,Jahr,0,123,0,"0,05"
IL1R,AL,Jahr,0,123,0,400
IL10,AL,Jahr,0,123,0,"9,1"
IL6,AL,Jahr,18,123,2,4
IL8,AL,Jahr,0,123,0,70
COES,AL,Jahr,0,123,"0,18","0,45"
GAL3,AL,Jahr,0,123,"1,9","14,3"
F_aP53,AL,Jahr,0,120,"0,02",100
FER_e,M,Jahr,20,60,30,400
FER_e,W,Jahr,17,60,13,150
AMIO,AL,Jahr,0,123,"0,7","2,5"
DESA,AL,Jahr,0,123,"0,42","1,5"
CYAR,AL,Jahr,0,123,150,250
CYAT,AL,Jahr,0,123,300,600
DIGO,AL,Jahr,0,123,"0,5",2
DIGI,AL,Jahr,0,123,10,30
GEND,AL,Jahr,0,123,"0,5",2
GENP,AL,Jahr,0,123,5,10
GENT,AL,Jahr,0,123,"0,5",10
NETP,AL,Jahr,0,123,5,12
NETD,AL,Jahr,0,123,0,3
TOBP,AL,Jahr,0,123,5,10
TOBD,AL,Jahr,0,123,0,2
VANT,AL,Jahr,0,123,10,15
VANP,AL,Jahr,0,123,20,40
PHEB,AL,Jahr,0,123,10,40
DPH,AL,Jahr,0,123,10,20
THEO,AL,Jahr,0,123,8,20
AMID,AL,Jahr,0,123,0,5
AMIP,AL,Jahr,0,123,15,25
CARB,AL,Jahr,0,123,4,11
FLEC,AL,Jahr,0,123,"0,2",1
LIDO,AL,Jahr,0,123,"1,5",5
PRIM,AL,Jahr,0,123,5,15
PROP,AL,Jahr,0,123,20,300
TOBR,AL,Jahr,0,123,2,10
proBNP,W,Jahr,16,49,0,170
proBNP,W,Jahr,50,59,0,250
proBNP,W,Jahr,60,123,0,400
proBNP,M,Jahr,16,49,0,100
proBNP,M,Jahr,50,59,0,172
proBNP,M,Jahr,60,123,0,280
proBNP,AL,Jahr,0,3,0,320
proBNP,AL,Jahr,4,6,0,190
proBNP,AL,Jahr,7,9,0,145
proBNP,AL,Jahr,10,14,0,360
proBNP,AL,Jahr,15,16,0,200
TSH,AL,Monat,0,1,"1,1",18
TSH,AL,Monat,1,12,1,8
TSH,AL,Jahr,1,5,"0,8","6,3"
TSH,AL,Jahr,6,10,"0,8","5,4"
TSH,AL,Jahr,11,14,"0,7","4,6"
TSH,AL,Jahr,15,18,"0,5","4,3"
TSH,M,Jahr,19,123,"0,3",4
TSH,W,Jahr,19,123,"0,3",4
FT3,AL,Tag,0,2,3,9
FT3,AL,Tag,3,30,3,5
FT3,AL,Monat,1,12,2,6
FT3,AL,Jahr,1,70,2,"4,3"
FT3,AL,Jahr,71,123,"1,4","3,8"
FT4,AL,Tag,0,2,"1,6","3,8"
FT4,AL,Tag,3,30,"1,5",3
FT4,AL,Monat,1,12,"1,1","1,8"
FT4,AL,Jahr,1,50,"0,9","1,7"
FT4,AL,Jahr,51,70,"0,7","1,6"
FT4,AL,Jahr,71,123,"0,65","1,7"
CORS,AL,Jahr,0,123,6,18
ST2,AL,Jahr,0,120,0,35
ALDS,AL,Jahr,0,1,300,1300
ALDS,AL,Jahr,1,15,50,500
ALDS,AL,Jahr,15,123,10,160
Renin,AL,Jahr,20,40,"3,6",20
Renin,AL,Jahr,41,60,"1,1",20
Renin,AL,Jahr,61,123,"0,1",16
Renin,AL,Jahr,0,19,4,40
ReninT,AL,Jahr,20,40,"3,6",20
ReninT,AL,Jahr,61,123,"0,1",16
ReninT,AL,Jahr,41,60,"1,1",20
ReninT,AL,Jahr,0,19,3,30
ReninH,AL,Jahr,20,40,5,40
ReninH,AL,Jahr,41,60,2,60
ReninH,AL,Jahr,61,123,"0,4",35
ReninH,AL,Jahr,0,19,5,60
RENQ,M,Jahr,18,54,"1,4","14,2"
RENQ,M,Jahr,55,123,"0,9","22,4"
RENQ,W,Jahr,18,54,"0,9","20,3"
RENQ,W,Jahr,55,123,"0,7","25,5"
ALDT,AL,Jahr,0,1,10,1300
ALDT,AL,Jahr,1,15,50,500
ALDT,AL,Jahr,15,123,10,160
ALDH,AL,Jahr,0,1,20,1600
ALDH,AL,Jahr,1,15,50,800
ALDH,AL,Jahr,15,123,40,310
ADRP,AL,Jahr,0,123,40,80
ADU,AL,Jahr,0,123,5,20
NAP,AL,Jahr,0,123,150,280
NOU,AL,Jahr,0,123,20,100
DOPP,AL,Jahr,0,123,30,80
COR1,AL,Jahr,0,123,15,25
COR2,AL,Jahr,0,123,10,20
CORU,AL,Jahr,0,123,42,218
FCOU,AL,Jahr,0,123,30,150
DOPU,AL,Jahr,0,123,200,450
GESC,AL,Jahr,0,123,200,500
MENE,AL,Jahr,0,123,0,"1,3"
MENC,AL,Jahr,0,2,0,3
MENC,AL,Jahr,3,10,0,2
MENC,AL,Jahr,11,123,0,"1,8"
5HIE,AL,Jahr,0,123,2,9
HVA,AL,Jahr,0,123,0,"6,9"
HVAC,AL,Jahr,0,1,0,"32,6"
HVAC,AL,Jahr,2,4,0,22
HVAC,AL,Jahr,5,9,0,"15,1"
HVAC,AL,Jahr,10,19,0,"12,8"
HVAC,AL,Jahr,20,123,0,"7,6"
LEUL,AL,Monat,0,1,0,"0,019"
LEUL,AL,Monat,1,12,0,"0,01"
LEUL,AL,Jahr,1,14,0,"0,009"
LEUL,AL,Jahr,15,123,0,"0,005"
TPL,AL,Woche,0,1,25,70
TPL,AL,Woche,1,52,15,45
TPL,AL,Jahr,1,123,15,45
ALBL,AL,Jahr,0,4,0,45
ALBL,AL,Jahr,4,18,10,30
ALBL,AL,Jahr,19,123,10,35
GLUL,AL,Jahr,0,14,60,80
GLUL,AL,Jahr,15,123,50,75
LACL,AL,Jahr,0,15,"1,1","1,8"
LACL,AL,Jahr,15,123,"1,5","2,1"
IGGL,AL,Jahr,0,123,10,40
